{"year":{"0":2023},"popsize":{"0":15039.0},"avgemployers":{"0":2043},"avgsalary":{"0":17624.23005},"shoparea":{"0":4333.0},"foodseats":{"0":240.0},"retailturnover":{"0":684065.8501499998},"livarea":{"0":29.7},"sportsvenue":{"0":46.0},"servicesnum":{"0":50.0},"roadslen":{"0":115.1},"livestock":{"0":33104.0},"harvest":{"0":9860.8},"agrprod":{"0":1012325.2460999991},"hospitals":{"0":19},"beforeschool":{"0":788.0}}